Department_univ,Province_univ,Name_univ,Adress_univ,Latitude_univ,Longitude_univ
Lima,Lima,Universidad Nacional Mayor de San Marcos,"Universidad Nacional Mayor de San Marcos, Lima, Lima",-12.0561578,-77.0845196
Ayacucho,Huamanga,Universidad Nacional de San Cristóbal de Huamanga,"Universidad Nacional de San Cristóbal de Huamanga, Huamanga, Ayacucho",-13.1612479,-74.2257722
Cusco,Cusco,Universidad Nacional de San Antonio Abad del Cusco,"Universidad Nacional de San Antonio Abad del Cusco, Cusco, Cusco",-13.52193,-71.9583208
La Libertad,Trujillo,Universidad Nacional de Trujillo,"Universidad Nacional de Trujillo, Trujillo, La Libertad",-8.1150074,-79.03830479999999
Arequipa,Arequipa,Universidad Nacional de San Agustín de Arequipa,"Universidad Nacional de San Agustín de Arequipa, Arequipa, Arequipa",-16.3971385,-71.5371437
Lima,Lima,Universidad Nacional de Ingeniería,"Universidad Nacional de Ingeniería, Lima, Lima",-12.0231787,-77.04763009999999
Lima,Lima,Universidad Nacional Agraria La Molina,"Universidad Nacional Agraria La Molina, Lima, Lima",-12.0817493,-76.9431895
Ica,Ica,Universidad Nacional San Luis Gonzaga,"Universidad Nacional San Luis Gonzaga, Ica, Ica",-14.0871322,-75.7335148
Junín,Huancayo,Universidad Nacional del Centro del Perú,"Universidad Nacional del Centro del Perú, Huancayo, Junín",-12.0330464,-75.237332
Loreto,Maynas,Universidad Nacional de la Amazonía Peruana,"Universidad Nacional de la Amazonía Peruana, Maynas, Loreto",-3.7459891,-73.24569939999999
Puno,Puno,Universidad Nacional del Altiplano,"Universidad Nacional del Altiplano, Puno, Puno",-15.8243805,-70.0162544
Piura,Piura,Universidad Nacional de Piura,"Universidad Nacional de Piura, Piura, Piura",-5.179310999999999,-80.6188325
Cajamarca,Cajamarca,Universidad Nacional de Cajamarca,"Universidad Nacional de Cajamarca, Cajamarca, Cajamarca",-7.167159,-78.4965043
Lima,Lima,Universidad Nacional Federico Villarreal,"Universidad Nacional Federico Villarreal, Lima, Lima",-12.0475555,-77.0404519
Huánuco,Leoncio Prado,Universidad Nacional Agraria de la Selva,"Universidad Nacional Agraria de la Selva, Leoncio Prado, Huánuco",-9.3140208,-75.9966689
Huánuco,Huánuco,Universidad Nacional Hermilio Valdizán de Huánuco,"Universidad Nacional Hermilio Valdizán de Huánuco, Huánuco, Huánuco",-9.9492894,-76.2503248
Lima,Lima,Universidad Nacional de Educación Enrique Guzmán y Valle,"Universidad Nacional de Educación Enrique Guzmán y Valle, Lima, Lima",-12.0663015,-76.9537651
Pasco,Pasco,Universidad Nacional Daniel Alcides Carrión,"Universidad Nacional Daniel Alcides Carrión, Pasco, Pasco",-10.668422,-76.254234
Callao,Callao,Universidad Nacional del Callao,"Universidad Nacional del Callao, Callao, Callao",-12.0613052,-77.11724869999999
Lima,Huaura,Universidad Nacional José Faustino Sánchez Carrión,"Universidad Nacional José Faustino Sánchez Carrión, Huaura, Lima",-11.1239202,-77.60824649999999
Lambayeque,Lambayeque,Universidad Nacional Pedro Ruiz Gallo,"Universidad Nacional Pedro Ruiz Gallo, Lambayeque, Lambayeque",-6.706427799999999,-79.9066624
Tacna,Tacna,Universidad Nacional Jorge Basadre Grohmann,"Universidad Nacional Jorge Basadre Grohmann, Tacna, Tacna",-18.0249985,-70.2505346
Ancash,Huaraz,Universidad Nacional Santiago Antúnez de Mayolo,"Universidad Nacional Santiago Antúnez de Mayolo, Huaraz, Ancash",-9.5212334,-77.5287365
San Martín,San Martín,Universidad Nacional de San Martín,"Universidad Nacional de San Martín, San Martín, San Martín",-34.5789316,-58.526188
Ucayali,Coronel Portillo,Universidad Nacional de Ucayali,"Universidad Nacional de Ucayali, Coronel Portillo, Ucayali",-8.3949316,-74.5776011
Tumbes,Tumbes,Universidad Nacional de Tumbes,"Universidad Nacional de Tumbes, Tumbes, Tumbes",-3.585267,-80.443305
Ancash,Santa,Universidad Nacional del Santa,"Universidad Nacional del Santa, Santa, Ancash",-9.120889499999999,-78.5133316
Huancavelica,Huancavelica,Universidad Nacional de Huancavelica,"Universidad Nacional de Huancavelica, Huancavelica, Huancavelica",-12.7781213,-74.9614419
Madre De Dios,Tambopata,Universidad Nacional Amazónica de Madre de Dios,"Universidad Nacional Amazónica de Madre de Dios, Tambopata, Madre De Dios",-12.5885658,-69.2095274
Amazonas,Chachapoyas,Universidad Nacional Toribio Rodríguez de Mendoza de Amazonas,"Universidad Nacional Toribio Rodríguez de Mendoza de Amazonas, Chachapoyas, Amazonas",-6.233540899999999,-77.8531651
Apurímac,Abancay,Universidad Nacional Micaela Bastidas de Apurímac,"Universidad Nacional Micaela Bastidas de Apurímac, Abancay, Apurímac",-13.6175533,-72.8681635
Ucayali,Coronel Portillo,Universidad Nacional Intercultural de la Amazonía,"Universidad Nacional Intercultural de la Amazonía, Coronel Portillo, Ucayali",-8.3478339,-74.5906663
Lima,Lima,Universidad Nacional Tecnológica de Lima Sur (*1),"Universidad Nacional Tecnológica de Lima Sur (*1), Lima, Lima",-12.2142873,-76.932559
Apurímac,Andahuaylas,Universidad Nacional José María Arguedas,"Universidad Nacional José María Arguedas, Andahuaylas, Apurímac",-13.6572948,-73.3879058
Moquegua,Mariscal Nieto,Universidad Nacional de Moquegua,"Universidad Nacional de Moquegua, Mariscal Nieto, Moquegua",-17.190051,-70.93658599999999
Puno,San Román,Universidad Nacional de Juliaca,"Universidad Nacional de Juliaca, San Román, Puno",-15.4881271,-70.1497667
Cajamarca,Jaén,Universidad Nacional de Jaén,"Universidad Nacional de Jaén, Jaén, Cajamarca",-5.6983568,-78.8096319
Piura,Sullana,Universidad Nacional de Frontera,"Universidad Nacional de Frontera, Sullana, Piura",-4.909966,-80.72844239999999
Cajamarca,Chota,Universidad Nacional Autónoma de Chota,"Universidad Nacional Autónoma de Chota, Chota, Cajamarca",-6.555663699999999,-78.6381006
Lima,Barranca,Universidad Nacional de Barranca,"Universidad Nacional de Barranca, Barranca, Lima",-10.7543083,-77.7582582
Lima,Cañete,Universidad Nacional de Cañete,"Universidad Nacional de Cañete, Cañete, Lima",-13.0731392,-76.3678583
Amazonas,Bagua,Universidad Nacional Intercultural Fabiola Salazar Leguía de Bagua,"Universidad Nacional Intercultural Fabiola Salazar Leguía de Bagua, Bagua, Amazonas",-5.631812099999999,-78.5351621
Junín,Chanchamayo,Universidad Nacional Intercultural de la Selva Central Juan Santos Atahualpa,"Universidad Nacional Intercultural de la Selva Central Juan Santos Atahualpa, Chanchamayo, Junín",-10.92725,-74.87096149999999
Cusco,La Convención,Universidad Nacional Intercultural de Quillabamba,"Universidad Nacional Intercultural de Quillabamba, La Convención, Cusco",-12.8568505,-72.6917239
Loreto,Alto Amazonas,Universidad Nacional Autónoma de Alto Amazonas,"Universidad Nacional Autónoma de Alto Amazonas, Alto Amazonas, Loreto",-5.897501099999999,-76.1287931
Junín,Tarma,Universidad Nacional Autónoma Altoandina de Tarma,"Universidad Nacional Autónoma Altoandina de Tarma, Tarma, Junín",-11.4199899,-75.6892578
Ayacucho,Huanta,Universidad Nacional Autónoma de Huanta,"Universidad Nacional Autónoma de Huanta, Huanta, Ayacucho",-12.9399318,-74.2436828
Lima,Lima,Universidad Nacional Tecnológica de San Juan de Lurigancho,"Universidad Nacional Tecnológica de San Juan de Lurigancho, Lima, Lima",-11.9833053,-77.0094738
Lima,Lima,Universidad Autónoma Municipal de Los Olivos,"Universidad Autónoma Municipal de Los Olivos, Lima, Lima",-12.0003522,-77.08339029999999
Huancavelica,Tayacaja,Universidad Nacional Autónoma de Tayacaja Daniel Hernández Morillo,"Universidad Nacional Autónoma de Tayacaja Daniel Hernández Morillo, Tayacaja, Huancavelica",-12.3606436,-74.8379163
La Libertad,Sanchez Carrión,Universidad Nacional Ciro Alegría,"Universidad Nacional Ciro Alegría, Sanchez Carrión, La Libertad",-7.816460999999999,-78.0452048
Lima,Lima,Pontificia Universidad Católica del Perú,"Pontificia Universidad Católica del Perú, Lima, Lima",-12.069512,-77.0793592
Lima,Lima,Universidad Peruana Cayetano Heredia,"Universidad Peruana Cayetano Heredia, Lima, Lima",-12.0239773,-77.0565049
Arequipa,Arequipa,Universidad Católica de Santa María,"Universidad Católica de Santa María, Arequipa, Arequipa",-16.4061786,-71.5476298
Lima,Lima,Universidad del Pacífico,"Universidad del Pacífico, Lima, Lima",-12.0837969,-77.048806
Lima,Lima,Universidad de Lima,"Universidad de Lima, Lima, Lima",-12.0847243,-76.9710095
Lima,Lima,Universidad de San Martín de Porres,"Universidad de San Martín de Porres, Lima, Lima",-12.1050193,-77.01736660000002
Lima,Lima,Universidad Femenina del Sagrado Corazón,"Universidad Femenina del Sagrado Corazón, Lima, Lima",-12.0716313,-76.9650529
Lima,Lima,Universidad Inca Garcilaso de la Vega,"Universidad Inca Garcilaso de la Vega, Lima, Lima",-12.0608746,-77.0392569
Piura,Piura,Universidad de Piura,"Universidad de Piura, Piura, Piura",-5.1766923,-80.6346434
Lima,Lima,Universidad Ricardo Palma,"Universidad Ricardo Palma, Lima, Lima",-12.1318477,-76.9796467
Puno,San Román,Universidad Andina Néstor Cáceres Velásquez,"Universidad Andina Néstor Cáceres Velásquez, San Román, Puno",-15.532748,-70.118667
Junín,Huancayo,Universidad Peruana Los Andes,"Universidad Peruana Los Andes, Huancayo, Junín",-12.0400383,-75.1924434
Lima,Lima,Universidad Peruana Unión,"Universidad Peruana Unión, Lima, Lima",-11.989087,-76.83966199999999
Cusco,Cusco,Universidad Andina del Cusco,"Universidad Andina del Cusco, Cusco, Cusco",-13.5375735,-71.9038466
Apurímac,Abancay,Universidad Tecnológica de los Andes,"Universidad Tecnológica de los Andes, Abancay, Apurímac",-13.6323333,-72.8871776
Tacna,Tacna,Universidad Privada de Tacna,"Universidad Privada de Tacna, Tacna, Tacna",-18.0048523,-70.22611719999999
Lambayeque,Chiclayo,Universidad Particular de Chiclayo,"Universidad Particular de Chiclayo, Chiclayo, Lambayeque",-6.7917517,-79.88073779999999
Ancash,Santa,Universidad San Pedro (*1),"Universidad San Pedro (*1), Santa, Ancash",-9.0532681,-78.5907465
La Libertad,Trujillo,Universidad Privada Antenor Orrego,"Universidad Privada Antenor Orrego, Trujillo, La Libertad",-8.1269948,-79.0314248
Huánuco,Huánuco,Universidad de Huánuco,"Universidad de Huánuco, Huánuco, Huánuco",-9.9284112,-76.2371722
Moquegua,Mariscal Nieto,Universidad José Carlos Mariátegui (*2),"Universidad José Carlos Mariátegui (*2), Mariscal Nieto, Moquegua",-17.1900294,-70.9423867
Lima,Lima,Universidad Marcelino Champagnat,"Universidad Marcelino Champagnat, Lima, Lima",-12.13674,-77.00605639999999
Loreto,Maynas,Universidad Científica del Perú (*3),"Universidad Científica del Perú (*3), Maynas, Loreto",-3.7694078,-73.2820646
La Libertad,Trujillo,Universidad César Vallejo S.A.C.,"Universidad César Vallejo S.A.C., Trujillo, La Libertad",-8.1293904,-79.0433213
Ancash,Santa,Universidad Católica Los Ángeles de Chimbote (*4),"Universidad Católica Los Ángeles de Chimbote (*4), Santa, Ancash",-9.0784016,-78.5889924
Lima,Lima,Universidad Peruana de Ciencias Aplicadas S.A.C.,"Universidad Peruana de Ciencias Aplicadas S.A.C., Lima, Lima",-12.104061,-76.962902
La Libertad,Trujillo,Universidad Privada del Norte S.A.C.,"Universidad Privada del Norte S.A.C., Trujillo, La Libertad",-8.099882,-79.01906369999999
Lima,Lima,Universidad San Ignacio de Loyola S.A.,"Universidad San Ignacio de Loyola S.A., Lima, Lima",-12.0733251,-76.95194459999999
Lima,Lima,Universidad Alas Peruanas,"Universidad Alas Peruanas, Lima, Lima",-12.0814023,-77.0467478
Lima,Lima,Universidad Privada Norbert Wiener,"Universidad Privada Norbert Wiener, Lima, Lima",-12.0688186,-77.036985
Arequipa,Arequipa,Universidad Católica San Pablo,"Universidad Católica San Pablo, Arequipa, Arequipa",-16.3900752,-71.5354639
Ica,Ica,Grupo Educativo Universidad Privada de Ica S.A.C. (*5 *13),"Grupo Educativo Universidad Privada de Ica S.A.C. (*5 *13), Ica, Ica",-14.0767574,-75.73588579999999
Lima,Lima,Universidad Privada San Juan Bautista S.A.C. (*6),"Universidad Privada San Juan Bautista S.A.C. (*6), Lima, Lima",-11.9888573,-77.060934
Lima,Lima,Universidad Tecnológica del Perú,"Universidad Tecnológica del Perú, Lima, Lima",-12.0642955,-77.0369772
Junín,Huancayo,Universidad Continental S.A.C. (*7),"Universidad Continental S.A.C. (*7), Huancayo, Junín",-12.0476664,-75.1987032
Lima,Lima,Universidad Científica del Sur S.A.C.,"Universidad Científica del Sur S.A.C., Lima, Lima",-12.0165774,-76.89017129999999
Lambayeque,Chiclayo,Universidad Católica Santo Toribio de Mogrovejo,"Universidad Católica Santo Toribio de Mogrovejo, Chiclayo, Lambayeque",-6.7603743,-79.86303319999999
Cajamarca,Cajamarca,Universidad Privada Antonio Guillermo Urrelo,"Universidad Privada Antonio Guillermo Urrelo, Cajamarca, Cajamarca",-7.171680299999999,-78.501215
Lima,Lima,Universidad Católica Sedes Sapientiae,"Universidad Católica Sedes Sapientiae, Lima, Lima",-11.9953135,-77.0672307
Lambayeque,Chiclayo,Universidad Señor de Sipán,"Universidad Señor de Sipán, Chiclayo, Lambayeque",-6.7950553,-79.88521779999999
La Libertad,Trujillo,Universidad Católica de Trujillo Benedicto XVI (*8),"Universidad Católica de Trujillo Benedicto XVI (*8), Trujillo, La Libertad",-8.1602468,-79.0111745
Lima,Lima,Universidad Peruana de las Américas,"Universidad Peruana de las Américas, Lima, Lima",-12.0631513,-77.0378175
Lima,Lima,Universidad ESAN,"Universidad ESAN, Lima, Lima",,
Lima,Lima,Universidad Antonio Ruiz de Montoya,"Universidad Antonio Ruiz de Montoya, Lima, Lima",-12.0701332,-77.05902850000001
Lima,Lima,Universidad Peruana de Ciencias e Informática,"Universidad Peruana de Ciencias e Informática, Lima, Lima",-12.0721316,-77.0420936
Huancavelica,Angaraes,Universidad para el Desarrollo Andino,"Universidad para el Desarrollo Andino, Angaraes, Huancavelica",-12.9875657,-74.721313
Lima,Lima,Universidad Privada Telesup,"Universidad Privada Telesup, Lima, Lima",-12.0640089,-77.0345749
Lima,Cañete,Universidad Sergio Bernales S.A.,"Universidad Sergio Bernales S.A., Cañete, Lima",-13.0731319,-76.3678548
Ucayali,Coronel Portillo,Universidad Privada de Pucallpa S.A.C.,"Universidad Privada de Pucallpa S.A.C., Coronel Portillo, Ucayali",-8.388075299999999,-74.5313108
Ica,Chincha,Universidad Autónoma de Ica S.A.C. (*9),"Universidad Autónoma de Ica S.A.C. (*9), Chincha, Ica",-13.4156394,-76.1286726
La Libertad,Trujillo,Universidad Privada de Trujillo,"Universidad Privada de Trujillo, Trujillo, La Libertad",-8.1080914,-78.99443049999999
Puno,Puno,Universidad Privada San Carlos,"Universidad Privada San Carlos, Puno, Puno",-15.8395008,-70.0295166
Lima,Lima,Universidad Peruana Simón Bolivar,"Universidad Peruana Simón Bolivar, Lima, Lima",-12.0714689,-77.0510524
Lima,Lima,Universidad Peruana de Integración Global S.A.C.,"Universidad Peruana de Integración Global S.A.C., Lima, Lima",-12.134611,-76.979023
Loreto,Maynas,Universidad Peruana del Oriente S.A.C.,"Universidad Peruana del Oriente S.A.C., Maynas, Loreto",-3.772631,-73.282986
Lima,Lima,Universidad Autónoma del Perú,"Universidad Autónoma del Perú, Lima, Lima",-12.195444,-76.9719561
Lima,Lima,Universidad de Ciencias y Humanidades,"Universidad de Ciencias y Humanidades, Lima, Lima",-11.9615097,-77.0655921
Lambayeque,Chiclayo,Universidad Privada Juan Mejía Baca,"Universidad Privada Juan Mejía Baca, Chiclayo, Lambayeque",-6.7677972,-79.8325989
Lima,Lima,Universidad Jaime Bausate y Meza,"Universidad Jaime Bausate y Meza, Lima, Lima",-12.0849556,-77.0547406
Junín,Huancayo,Universidad Peruana del Centro,"Universidad Peruana del Centro, Huancayo, Junín",-12.0700173,-75.2115571
Lima,Lima,Universidad Privada Arzobispo Loayza S.A.C,"Universidad Privada Arzobispo Loayza S.A.C, Lima, Lima",-12.0741046,-77.035806
Lima,Lima,Universidad Le Cordon Bleu S.A.C.,"Universidad Le Cordon Bleu S.A.C., Lima, Lima",-12.0987694,-77.05647119999999
Junín,Huancayo,Universidad Privada de Huancayo Franklin Roosevelt,"Universidad Privada de Huancayo Franklin Roosevelt, Huancayo, Junín",-12.0421667,-75.19566329999999
Lambayeque,Chiclayo,Universidad de Lambayeque S.A.C.,"Universidad de Lambayeque S.A.C., Chiclayo, Lambayeque",-6.7745742,-79.8450745
Lima,Lima,Universidad de Ciencias y Artes de América Latina S.A.C.,"Universidad de Ciencias y Artes de América Latina S.A.C., Lima, Lima",-12.0857224,-76.90866880000002
Lima,Lima,Universidad Peruana de Arte Orval S.A.C.,"Universidad Peruana de Arte Orval S.A.C., Lima, Lima",-12.1108158,-76.99129719999999
Loreto,Maynas,Universidad Privada de la Selva Peruana (*10),"Universidad Privada de la Selva Peruana (*10), Maynas, Loreto",-3.7546883,-73.24716320000002
Arequipa,Arequipa,Universidad Ciencias de la Salud,"Universidad Ciencias de la Salud, Arequipa, Arequipa",-16.4028927,-71.5456435
Ayacucho,Huamanga,Universidad de Ayacucho Federico Froebel,"Universidad de Ayacucho Federico Froebel, Huamanga, Ayacucho",-13.1488912,-74.2281228
Lima,Lima,Universidad Peruana de Investigación y Negocios S.A.C.,"Universidad Peruana de Investigación y Negocios S.A.C., Lima, Lima",-12.0825755,-77.0462738
Cusco,Cusco,Universidad Peruana Austral del Cusco,"Universidad Peruana Austral del Cusco, Cusco, Cusco",-13.5255413,-71.9515765
Arequipa,Arequipa,Universidad Autónoma San Francisco,"Universidad Autónoma San Francisco, Arequipa, Arequipa",-16.4007953,-71.53905809999999
Lima,Lima,Universidad San Andrés,"Universidad San Andrés, Lima, Lima",-11.9905165,-77.0598493
Lima,Lima,Universidad Interamericana para el Desarrollo,"Universidad Interamericana para el Desarrollo, Lima, Lima",-12.0563556,-77.04450589999999
Lima,Lima,Universidad Privada Juan Pablo II,"Universidad Privada Juan Pablo II, Lima, Lima",-12.0211306,-76.9037173
La Libertad,Trujillo,Universidad Privada Leonardo Da Vinci S.A.C. (*11),"Universidad Privada Leonardo Da Vinci S.A.C. (*11), Trujillo, La Libertad",-8.1151,-79.03193999999999
Lima,Lima,Universidad de Ingeniería y Tecnología,"Universidad de Ingeniería y Tecnología, Lima, Lima",-12.1353732,-77.0220855
Arequipa,Arequipa,Universidad La Salle,"Universidad La Salle, Arequipa, Arequipa",-16.424163,-71.556192
Tacna,Tacna,Universidad Latinoamericana CIMA,"Universidad Latinoamericana CIMA, Tacna, Tacna",-18.0155585,-70.242308
Arequipa,Arequipa,Universidad Privada Autónoma del Sur,"Universidad Privada Autónoma del Sur, Arequipa, Arequipa",-16.4084459,-71.5280816
Lima,Lima,Universidad María Auxiliadora,"Universidad María Auxiliadora, Lima, Lima",-11.97818,-77.01687
Amazonas,Utcubamba,Universidad Politécnica Amazónica S.A.C.,"Universidad Politécnica Amazónica S.A.C., Utcubamba, Amazonas",-5.747067599999999,-78.44946809999999
Lima,Huarochirí,Universidad Santo Domingo de Guzmán,"Universidad Santo Domingo de Guzmán, Huarochirí, Lima",-11.9113324,-76.982951
Callao,Callao,Universidad Marítima del Perú,"Universidad Marítima del Perú, Callao, Callao",-12.0614627,-77.1470315
Cusco,La Convención,Universidad Privada Líder Peruana,"Universidad Privada Líder Peruana, La Convención, Cusco",-12.8604607,-72.6921444
Lima,Lima,Universidad Privada Peruano Alemana S.AC.,"Universidad Privada Peruano Alemana S.AC., Lima, Lima",-12.1661519,-77.0236628
Cusco,Cusco,Universidad Global del Cusco,"Universidad Global del Cusco, Cusco, Cusco",-13.5242195,-71.9436937
Junín,Huancayo,Universidad Santo Tomás de Aquino de Ciencia e Integración,"Universidad Santo Tomás de Aquino de Ciencia e Integración, Huancayo, Junín",-12.0840468,-75.20848769999999
Lima,Lima,Universidad Privada SISE,"Universidad Privada SISE, Lima, Lima",-12.0776452,-77.0358547
Lima,Lima,Universidad Seminario Evangélico de Lima (*12),"Universidad Seminario Evangélico de Lima (*12), Lima, Lima",-12.0639589,-76.96007399999999
Lima,Lima,Universidad Seminario Bíblico Andino (*12),"Universidad Seminario Bíblico Andino (*12), Lima, Lima",-12.0696208,-77.0533978
Lima,Lima,Universidad Católica San José,"Universidad Católica San José, Lima, Lima",-12.0836816,-77.0691681
